parameter_group,evppi
durability,9823.488815289613
relapse_hazards,4901.935678682582
theatre_minutes,7777.168121666667
price_psilocybin,8616.213769564762
price_esketamine,4598.682113079343
