Country,Current_EVPI,EVSI_Value,Population_EVSI,Uncertainty_Reduction,Sample_Size
AU,4430.252418766868,1329.0757256300603,132907572.56300603,30.0,500
NZ,4539.491701385579,1361.8475104156737,136184751.04156736,30.0,500
