Country,Treatment,Total_Costs,Total_QALYs
AU,ECT,102970.94982224096,5.662835175314868
AU,Ketamine,119204.36807173603,5.544678146777172
AU,Psilocybin,71430.7055968383,5.90505037505824
NZ,ECT,102970.94982224096,5.662835175314868
NZ,Ketamine,119204.36807173603,5.544678146777172
NZ,Psilocybin,71430.7055968383,5.90505037505824
