Strategy,HC_Mean_Cost,Soc_Mean_Cost,Cost_Difference,HC_Mean_QALY,Soc_Mean_QALY,QALY_Difference,HC_Mean_NMB,Soc_Mean_NMB,NMB_Difference,HC_Prob_CE,Soc_Prob_CE,Prob_CE_Difference,Total_Societal_Cost,Productivity_Loss,Informal_Care,OOP_Costs
Ketamine,2412.14917118885,62945.1301869665,60532.981015777645,3.249054762436223,3.247073838945532,-0.001980923490691122,-392.2068349595634,1898.7596235346407,2290.9664584942043,0.5,0.615,0.11499999999999999,60800,10000,50000,800
Esketamine,6410.248969012159,66870.59247441117,60460.34350539901,3.1189081277057404,3.1164578966451937,-0.002450231060546759,-10897.638369307015,-8557.499778926958,2340.1385903800565,0.0945,0.148,0.05349999999999999,60800,10000,50000,800
Psilocybin,14957.947577165383,74669.32513099152,59711.37755382614,3.3286027852226456,3.3243964087994047,-0.004206376423240954,-8960.604101614976,-5959.3068277967295,3001.297273818246,0.137,0.241,0.10399999999999998,60800,10000,50000,800
