Strategy,HC_Mean_Cost,Soc_Mean_Cost,Cost_Difference,HC_Mean_QALY,Soc_Mean_QALY,QALY_Difference,HC_Mean_NMB,Soc_Mean_NMB,NMB_Difference,HC_Prob_CE,Soc_Prob_CE,Prob_CE_Difference,Total_Societal_Cost,Productivity_Loss,Informal_Care,OOP_Costs
Ketamine,2810.6466605287674,57311.06868921681,54500.422028688045,3.24954021225434,3.2505029839230093,0.0009627716686693155,-409.9635882687555,2131.6583927453194,2541.6219810140747,0.496,0.6335,0.13749999999999996,54720,9000,45000,720
Esketamine,3979.0443085526244,58515.84497085062,54536.800662297996,3.1230948383747172,3.117985660913068,-0.005109177461649406,-7268.403060875673,-5036.397424335852,2232.0056365398214,0.1735,0.2655,0.09200000000000003,54720,9000,45000,720
Psilocybin,14994.753561053738,68737.74724752965,53742.993686475915,3.326896092335479,3.327443504958331,0.0005474126228519616,-9113.055885142478,-5832.6967189780435,3280.359166164434,0.119,0.229,0.11000000000000001,54720,9000,45000,720
