arm,dr_nmb
ECT_std,-100789.84776149728
Ketamine_IV,-100831.24787508788
Esketamine,-100930.37339451278
Psilocybin,-100649.32212848178
