jurisdiction,k,arm,INMB_standard,INMB_adjusted
AU,28000,IV_ketamine,15000.0,-2857.1428571428587
AU,42000,IV_ketamine,15000.0,3095.2380952380954
AU,56000,IV_ketamine,15000.0,6071.428571428571
NZ,20000,IV_ketamine,12000.0,-8000.0
NZ,30000,IV_ketamine,12000.0,-1333.333333333334
NZ,40000,IV_ketamine,12000.0,2000.0
